<?xml version="1.0" encoding="UTF-8"?>
<project-private xmlns="http://www.netbeans.org/ns/project-private/1">
    <editor-bookmarks xmlns="http://www.netbeans.org/ns/editor-bookmarks/2" lastBookmarkId="0"/>
    <open-files xmlns="http://www.netbeans.org/ns/projectui-open-files/2">
        <group>
            <file>file:/E:/Semester/Winter20_21/Software%20Project%20Management/JCOMP/KK_Quiz/web/loginp2.jsp</file>
            <file>file:/E:/Semester/Winter20_21/Software%20Project%20Management/JCOMP/KK_Quiz/web/store.jsp</file>
            <file>file:/E:/Semester/Winter20_21/Software%20Project%20Management/JCOMP/KK_Quiz/web/login.html</file>
            <file>file:/E:/Semester/Winter20_21/Software%20Project%20Management/JCOMP/KK_Quiz/web/Createquiz.jsp</file>
            <file>file:/E:/Semester/Winter20_21/Software%20Project%20Management/JCOMP/KK_Quiz/web/homepage.jsp</file>
        </group>
    </open-files>
</project-private>
